,,,Temperature,Temperature,Temperature,Temperature,Temperature,Temperature,Temperature,Temperature
,,,count,mean,std,min,25%,50%,75%,max
imgf,Topo,Exclosure,,,,,,,,
cam1-001-000064-0.tif,Upland,Open,1436688.0,34.60891342163086,1.441638708114624,31.1300048828125,33.410003662109375,34.6099853515625,35.69000244140625,41.25
cam1-001-000064-0.tif,Upland,Partial,2810214.0,34.35833740234375,1.3437689542770386,31.1300048828125,33.329986572265625,34.170013427734375,35.25,41.45001220703125
cam1-001-000107-0.tif,Lowland,Open,10413.0,36.85919189453125,0.7574421763420105,33.529998779296875,36.410003662109375,36.769989013671875,37.329986572265625,38.649993896484375
cam1-001-000207-0.tif,Lowland,Partial,622692.0,33.485374450683594,1.3792139291763306,31.209991455078125,32.410003662109375,33.089996337890625,34.45001220703125,39.04998779296875
cam1-001-000207-0.tif,Upland,Partial,4167117.0,33.89841842651367,1.2533988952636719,30.730010986328125,32.92999267578125,33.69000244140625,34.769989013671875,39.850006103515625
cam1-001-000238-0.tif,Upland,Open,1680741.0,33.84488296508789,1.3731354475021362,30.649993896484375,32.69000244140625,33.80999755859375,34.889984130859375,39.850006103515625
cam1-001-000238-0.tif,Upland,Partial,1929222.0,33.35171127319336,1.1368731260299683,30.889984130859375,32.489990234375,33.04998779296875,34.04998779296875,39.769989013671875
cam1-001-000299-0.tif,Lowland,Partial,2969145.0,32.69481658935547,1.8434182405471802,28.92999267578125,31.209991455078125,32.3699951171875,34.089996337890625,38.970001220703125
cam1-001-000299-0.tif,Upland,Partial,64575.0,33.57752990722656,1.1860735416412354,30.970001220703125,32.57000732421875,33.730010986328125,34.529998779296875,37.45001220703125
cam1-001-000406-0.tif,Lowland,Partial,449037.0,32.29860305786133,1.3912197351455688,29.649993896484375,31.25,32.04998779296875,33.25,37.209991455078125
cam1-001-000406-0.tif,Upland,Partial,4244823.0,32.80938720703125,1.364847183227539,28.970001220703125,31.730010986328125,32.69000244140625,33.80999755859375,38.769989013671875
cam1-001-000428-0.tif,Upland,Partial,4312872.0,32.61494064331055,1.087417721748352,29.730010986328125,31.80999755859375,32.45001220703125,33.290008544921875,38.57000732421875
cam1-001-000451-0.tif,Upland,Open,1277478.0,33.50224304199219,1.335394024848938,30.45001220703125,32.410003662109375,33.45001220703125,34.489990234375,38.649993896484375
cam1-001-000451-0.tif,Upland,Partial,1711269.0,33.41752243041992,1.1594552993774414,30.489990234375,32.489990234375,33.290008544921875,34.170013427734375,38.80999755859375
cam1-001-000494-0.tif,Lowland,Partial,3690693.0,32.63474655151367,1.7513552904129028,29.089996337890625,31.3699951171875,32.170013427734375,33.80999755859375,39.730010986328125
cam1-001-000494-0.tif,Upland,Partial,27234.0,33.41758728027344,0.9765875339508057,31.529998779296875,32.57000732421875,33.489990234375,34.1300048828125,36.329986572265625
cam1-001-000602-0.tif,Lowland,Open,32076.0,35.95796585083008,1.4456690549850464,32.410003662109375,34.889984130859375,36.11000061035156,36.970001220703125,39.45001220703125
cam1-001-000602-0.tif,Lowland,Partial,108567.0,34.62659454345703,1.5300285816192627,31.529998779296875,33.3699951171875,34.529998779296875,35.769989013671875,38.769989013671875
cam1-001-000602-0.tif,Upland,Open,420876.0,35.65497589111328,1.544585943222046,31.529998779296875,34.489990234375,35.889984130859375,36.889984130859375,39.92999267578125
cam1-001-000602-0.tif,Upland,Partial,3842091.0,34.184329986572266,1.4217478036880493,30.3699951171875,33.089996337890625,34.04998779296875,35.170013427734375,42.45001220703125
cam1-001-000618-0.tif,Upland,Open,599274.0,35.14305114746094,1.5127406120300293,31.1300048828125,33.970001220703125,35.329986572265625,36.329986572265625,39.730010986328125
cam1-001-000618-0.tif,Upland,Partial,3209778.0,34.136287689208984,1.340692400932312,30.730010986328125,33.1300048828125,33.92999267578125,35.010009765625,42.45001220703125
cam1-001-000866-0.tif,Upland,Open,2213901.0,37.31168746948242,2.2353034019470215,30.889984130859375,35.649993896484375,37.489990234375,39.04998779296875,45.410003662109375
cam1-001-000866-0.tif,Upland,Partial,57852.0,35.641353607177734,1.6365642547607422,32.3699951171875,34.3699951171875,35.529998779296875,36.74000549316406,42.329986572265625
cam1-001-000909-0.tif,Lowland,Open,1208628.0,35.84303665161133,2.171571731567383,31.25,34.010009765625,35.850006103515625,37.57000732421875,43.489990234375
cam1-001-000909-0.tif,Lowland,Partial,1752921.0,34.76486587524414,1.994311809539795,30.889984130859375,33.290008544921875,34.170013427734375,35.92999267578125,43.649993896484375
cam1-001-001014-0.tif,Lowland,Open,979173.0,39.254825592041016,2.1480488777160645,33.45001220703125,37.69000244140625,39.649993896484375,40.80999755859375,46.170013427734375
cam1-001-001014-0.tif,Upland,Open,3240963.0,39.83130645751953,2.2887439727783203,33.010009765625,38.25,40.209991455078125,41.489990234375,48.889984130859375
cam1-001-001014-0.tif,Upland,Partial,21177.0,38.41400909423828,1.4027082920074463,35.730010986328125,37.25,38.410003662109375,39.3699951171875,41.889984130859375
cam1-001-001033-0.tif,Upland,Open,3529899.0,40.221763610839844,2.764836311340332,33.1300048828125,38.089996337890625,40.170013427734375,42.1300048828125,53.170013427734375
cam1-001-001052-0.tif,Upland,Open,2536623.0,40.062286376953125,2.70717716217041,33.209991455078125,37.889984130859375,40.1300048828125,42.25,50.170013427734375
cam1-001-001090-0.tif,Lowland,Open,3467259.0,37.22111892700195,2.4162659645080566,31.489990234375,35.170013427734375,37.25,39.170013427734375,46.410003662109375
cam1-001-001198-0.tif,Lowland,Open,1204443.0,38.473323822021484,2.335139513015747,31.6099853515625,36.850006103515625,38.92999267578125,40.170013427734375,44.769989013671875
cam1-001-001198-0.tif,Upland,Open,3115359.0,38.311588287353516,2.1939241886138916,31.80999755859375,36.730010986328125,38.730010986328125,39.970001220703125,45.69000244140625
cam1-001-001236-0.tif,Upland,Full,1757979.0,36.782833099365234,2.1320581436157227,32.209991455078125,35.04998779296875,36.529998779296875,38.329986572265625,49.45001220703125
cam1-001-001236-0.tif,Upland,Open,2402271.0,38.70610427856445,2.6946136951446533,31.850006103515625,36.57000732421875,38.769989013671875,40.6099853515625,49.25
cam1-001-001268-0.tif,Lowland,Full,8298.0,33.86574935913086,1.8652799129486084,30.730010986328125,32.45001220703125,33.410003662109375,35.089996337890625,39.25
cam1-001-001268-0.tif,Lowland,Open,3074625.0,36.03877639770508,2.469001531600952,30.1300048828125,34.010009765625,36.04998779296875,38.1300048828125,43.489990234375
cam1-001-001377-0.tif,Lowland,Full,2541393.0,35.940635681152344,2.356067419052124,30.529998779296875,34.209991455078125,35.529998779296875,37.57000732421875,46.1300048828125
cam1-001-001377-0.tif,Lowland,Open,1029681.0,39.075347900390625,2.5974905490875244,32.69000244140625,37.1300048828125,39.410003662109375,41.04998779296875,49.3699951171875
cam1-001-001377-0.tif,Upland,Full,198765.0,38.113468170166016,2.6194207668304443,32.529998779296875,35.92999267578125,38.529998779296875,40.25,45.3699951171875
cam1-001-001377-0.tif,Upland,Open,719109.0,39.04008865356445,2.3609609603881836,32.57000732421875,37.290008544921875,39.3699951171875,40.80999755859375,46.92999267578125
cam1-001-001405-0.tif,Upland,Full,1424349.0,36.22517013549805,1.9385753870010376,31.69000244140625,34.649993896484375,35.92999267578125,37.69000244140625,44.010009765625
cam1-001-001405-0.tif,Upland,Open,2515041.0,36.4145393371582,2.1665279865264893,30.80999755859375,34.57000732421875,36.3699951171875,38.209991455078125,44.529998779296875
cam1-001-001634-0.tif,Lowland,Full,2446452.0,35.21115493774414,1.830663800239563,30.730010986328125,33.730010986328125,34.970001220703125,36.649993896484375,42.6099853515625
cam1-001-001634-0.tif,Upland,Full,1934226.0,35.13446807861328,1.6190252304077148,30.850006103515625,33.889984130859375,34.889984130859375,36.290008544921875,42.410003662109375
cam1-001-001659-0.tif,Lowland,Full,225549.0,34.44631576538086,2.7741169929504395,30.57000732421875,31.970001220703125,33.69000244140625,36.769989013671875,41.92999267578125
cam1-001-001659-0.tif,Lowland,Open,428490.0,36.186668395996094,2.4908816814422607,31.010009765625,33.80999755859375,36.489990234375,38.489990234375,41.209991455078125
cam1-001-001806-0.tif,Upland,Full,2034801.0,35.66951370239258,1.735024094581604,31.69000244140625,34.209991455078125,35.57000732421875,36.92999267578125,42.45001220703125
cam1-001-001806-0.tif,Upland,Open,2096658.0,36.786476135253906,2.116722583770752,31.290008544921875,35.010009765625,36.850006103515625,38.529998779296875,43.769989013671875
cam1-001-001821-0.tif,Upland,Full,531126.0,36.0524787902832,1.808335781097412,31.889984130859375,34.529998779296875,36.04998779296875,37.489990234375,42.010009765625
cam1-001-001821-0.tif,Upland,Open,1651923.0,37.041534423828125,2.0519750118255615,31.6099853515625,35.529998779296875,37.25,38.6099853515625,42.6099853515625
cam1-001-001846-0.tif,Lowland,Full,2292570.0,34.84254837036133,1.7113858461380005,31.089996337890625,33.3699951171875,34.730010986328125,36.290008544921875,40.25
cam1-001-001846-0.tif,Upland,Full,1786806.0,35.62239074707031,1.6694413423538208,31.489990234375,34.25,35.730010986328125,36.970001220703125,40.290008544921875
cam1-001-001859-0.tif,Lowland,Full,4250817.0,33.92557907104492,1.7358951568603516,29.45001220703125,32.69000244140625,33.649993896484375,35.209991455078125,40.170013427734375
cam1-001-001859-0.tif,Upland,Full,207918.0,34.814964294433594,1.4580798149108887,32.170013427734375,33.57000732421875,34.649993896484375,36.010009765625,38.57000732421875
cam1-001-002009-0.tif,Lowland,Full,794925.0,34.689361572265625,1.5674054622650146,31.3699951171875,33.329986572265625,34.529998779296875,35.970001220703125,40.489990234375
cam1-001-002009-0.tif,Lowland,Open,745128.0,36.276126861572266,1.8350106477737427,31.25,34.889984130859375,36.730010986328125,37.69000244140625,41.57000732421875
cam1-001-002009-0.tif,Upland,Full,1820745.0,34.69005584716797,1.516754150390625,30.970001220703125,33.410003662109375,34.769989013671875,35.889984130859375,40.970001220703125
cam1-001-002009-0.tif,Upland,Open,620298.0,35.81938934326172,1.9201656579971313,31.089996337890625,34.45001220703125,36.010009765625,37.170013427734375,41.57000732421875
cam1-001-002044-0.tif,Lowland,Full,3523860.0,34.430625915527344,1.8827418088912964,29.209991455078125,33.04998779296875,34.290008544921875,35.889984130859375,40.850006103515625
cam1-001-002044-0.tif,Lowland,Open,224325.0,33.44539260864258,2.4615087509155273,29.209991455078125,31.04998779296875,33.1300048828125,35.769989013671875,38.529998779296875
